Workbook

Sheet CONFIG
A1: CONFIGURAÇÕES DO SISTEMA
B3: CATEGORIA | C3: ANOS (TXT) | E3: MESES | G3: FLAGS ATLETA | H3: FLAGS TREINO
B4: Sub 17 | C4: 2009, 2010 | E4: Janeiro | G4: 1 | H4: 1
B5: Sub 15 | C5: 2011 | E5: Fevereiro | G5: 2 | H5: 2
B6: Sub 14 | C6: 2012 | E6: Março | G6: 3 | H6: 3
B7: Sub 13 | C7: 2013 | E7: Abril | G7: F | H7: FO
B8: Sub 12 | C8: 2014 | E8: Maio | G8: DM | H8: AM
B9: Sub 11 | C9: 2015 | E9: Junho | H9: CH
B10: Sub 10 | C10: 2016 | E10: Julho
B11: Sub 9 | C11: 2017 | E11: Agosto
E12: Setembro
E13: Outubro
E14: Novembro
E15: Dezembro

Sheet DB_ATLETAS
B2: BANCO DE DADOS DE ATLETAS
B4: Nome Completo | C4: Data Nasc | D4: Ano (Auto) | E4: Categoria (Auto) | F4: Posição | G4: Status
B5: Gabriel Silva | C5: 12/05/2012 | D5: =IF(C5="","",TEXT(C5, "yyyy")) | E5: Auto | F5: Goleiro | G5: ATIVO
B6: Lucas Pereira | C6: 08/02/2012 | D6: =IF(C6="","",TEXT(C6, "yyyy")) | E6: Auto | F6: Atacante | G6: ATIVO
B7: Matheus Oliveira | C7: 15/09/2011 | D7: =IF(C7="","",TEXT(C7, "yyyy")) | E7: Auto | F7: Zagueiro | G7: ATIVO
B8: Enzo Santos | C8: 20/01/2013 | D8: =IF(C8="","",TEXT(C8, "yyyy")) | E8: Auto | F8: Meia | G8: ATIVO
B9: Pedro Rocha | C9: 05/11/2012 | D9: =IF(C9="","",TEXT(C9, "yyyy")) | E9: Auto | F9: Volante | G9: ATIVO
B10: João Souza | C10: 18/07/2011 | D10: =IF(C10="","",TEXT(C10, "yyyy")) | E10: Auto | F10: Lateral | G10: ATIVO

Sheet TREINOS
B1: CONTROLE DE TREINOS - G5 | E1: MÊS: | F1: Janeiro | H1: CATEGORIA: | I1: Sub 14 | K1: ANO: | L1: 2026 | AA1: =VLOOKUP(I1, CONFIG!B4:C11, 2, 0)
AA2: =MATCH(F1, CONFIG!E4:E15, 0)
C4: =IF(ISERROR(DATE($L$1, $AA$2, 1)), "", IF(MONTH(DATE($L$1, $AA$2, 1))=$AA$2, LEFT(UPPER(TEXT(DATE($L$1, $AA$2, 1), "ddd")), 1), "")) | D4: =IF(ISERROR(DATE($L$1, $AA$2, 2)), "", IF(MONTH(DATE($L$1, $AA$2, 2))=$AA$2, LEFT(UPPER(TEXT(DATE($L$1, $AA$2, 2), "ddd")), 1), "")) | E4: =IF(ISERROR(DATE($L$1, $AA$2, 3)), "", IF(MONTH(DATE($L$1, $AA$2, 3))=$AA$2, LEFT(UPPER(TEXT(DATE($L$1, $AA$2, 3), "ddd")), 1), "")) | F4: =IF(ISERROR(DATE($L$1, $AA$2, 4)), "", IF(MONTH(DATE($L$1, $AA$2, 4))=$AA$2, LEFT(UPPER(TEXT(DATE($L$1, $AA$2, 4), "ddd")), 1), "")) | G4: =IF(ISERROR(DATE($L$1, $AA$2, 5)), "", IF(MONTH(DATE($L$1, $AA$2, 5))=$AA$2, LEFT(UPPER(TEXT(DATE($L$1, $AA$2, 5), "ddd")), 1), "")) | H4: =IF(ISERROR(DATE($L$1, $AA$2, 6)), "", IF(MONTH(DATE($L$1, $AA$2, 6))=$AA$2, LEFT(UPPER(TEXT(DATE($L$1, $AA$2, 6), "ddd")), 1), "")) | I4: =IF(ISERROR(DATE($L$1, $AA$2, 7)), "", IF(MONTH(DATE($L$1, $AA$2, 7))=$AA$2, LEFT(UPPER(TEXT(DATE($L$1, $AA$2, 7), "ddd")), 1), "")) | J4: =IF(ISERROR(DATE($L$1, $AA$2, 8)), "", IF(MONTH(DATE($L$1, $AA$2, 8))=$AA$2, LEFT(UPPER(TEXT(DATE($L$1, $AA$2, 8), "ddd")), 1), "")) | K4: =IF(ISERROR(DATE($L$1, $AA$2, 9)), "", IF(MONTH(DATE($L$1, $AA$2, 9))=$AA$2, LEFT(UPPER(TEXT(DATE($L$1, $AA$2, 9), "ddd")), 1), "")) | L4: =IF(ISERROR(DATE($L$1, $AA$2, 10)), "", IF(MONTH(DATE($L$1, $AA$2, 10))=$AA$2, LEFT(UPPER(TEXT(DATE($L$1, $AA$2, 10), "ddd")), 1), "")) | M4: =IF(ISERROR(DATE($L$1, $AA$2, 11)), "", IF(MONTH(DATE($L$1, $AA$2, 11))=$AA$2, LEFT(UPPER(TEXT(DATE($L$1, $AA$2, 11), "ddd")), 1), "")) | N4: =IF(ISERROR(DATE($L$1, $AA$2, 12)), "", IF(MONTH(DATE($L$1, $AA$2, 12))=$AA$2, LEFT(UPPER(TEXT(DATE($L$1, $AA$2, 12), "ddd")), 1), "")) | O4: =IF(ISERROR(DATE($L$1, $AA$2, 13)), "", IF(MONTH(DATE($L$1, $AA$2, 13))=$AA$2, LEFT(UPPER(TEXT(DATE($L$1, $AA$2, 13), "ddd")), 1), "")) | P4: =IF(ISERROR(DATE($L$1, $AA$2, 14)), "", IF(MONTH(DATE($L$1, $AA$2, 14))=$AA$2, LEFT(UPPER(TEXT(DATE($L$1, $AA$2, 14), "ddd")), 1), "")) | Q4: =IF(ISERROR(DATE($L$1, $AA$2, 15)), "", IF(MONTH(DATE($L$1, $AA$2, 15))=$AA$2, LEFT(UPPER(TEXT(DATE($L$1, $AA$2, 15), "ddd")), 1), "")) | R4: =IF(ISERROR(DATE($L$1, $AA$2, 16)), "", IF(MONTH(DATE($L$1, $AA$2, 16))=$AA$2, LEFT(UPPER(TEXT(DATE($L$1, $AA$2, 16), "ddd")), 1), "")) | S4: =IF(ISERROR(DATE($L$1, $AA$2, 17)), "", IF(MONTH(DATE($L$1, $AA$2, 17))=$AA$2, LEFT(UPPER(TEXT(DATE($L$1, $AA$2, 17), "ddd")), 1), "")) | T4: =IF(ISERROR(DATE($L$1, $AA$2, 18)), "", IF(MONTH(DATE($L$1, $AA$2, 18))=$AA$2, LEFT(UPPER(TEXT(DATE($L$1, $AA$2, 18), "ddd")), 1), "")) | U4: =IF(ISERROR(DATE($L$1, $AA$2, 19)), "", IF(MONTH(DATE($L$1, $AA$2, 19))=$AA$2, LEFT(UPPER(TEXT(DATE($L$1, $AA$2, 19), "ddd")), 1), "")) | V4: =IF(ISERROR(DATE($L$1, $AA$2, 20)), "", IF(MONTH(DATE($L$1, $AA$2, 20))=$AA$2, LEFT(UPPER(TEXT(DATE($L$1, $AA$2, 20), "ddd")), 1), "")) | W4: =IF(ISERROR(DATE($L$1, $AA$2, 21)), "", IF(MONTH(DATE($L$1, $AA$2, 21))=$AA$2, LEFT(UPPER(TEXT(DATE($L$1, $AA$2, 21), "ddd")), 1), "")) | X4: =IF(ISERROR(DATE($L$1, $AA$2, 22)), "", IF(MONTH(DATE($L$1, $AA$2, 22))=$AA$2, LEFT(UPPER(TEXT(DATE($L$1, $AA$2, 22), "ddd")), 1), "")) | Y4: =IF(ISERROR(DATE($L$1, $AA$2, 23)), "", IF(MONTH(DATE($L$1, $AA$2, 23))=$AA$2, LEFT(UPPER(TEXT(DATE($L$1, $AA$2, 23), "ddd")), 1), "")) | Z4: =IF(ISERROR(DATE($L$1, $AA$2, 24)), "", IF(MONTH(DATE($L$1, $AA$2, 24))=$AA$2, LEFT(UPPER(TEXT(DATE($L$1, $AA$2, 24), "ddd")), 1), "")) | AA4: =IF(ISERROR(DATE($L$1, $AA$2, 25)), "", IF(MONTH(DATE($L$1, $AA$2, 25))=$AA$2, LEFT(UPPER(TEXT(DATE($L$1, $AA$2, 25), "ddd")), 1), "")) | AB4: =IF(ISERROR(DATE($L$1, $AA$2, 26)), "", IF(MONTH(DATE($L$1, $AA$2, 26))=$AA$2, LEFT(UPPER(TEXT(DATE($L$1, $AA$2, 26), "ddd")), 1), "")) | AC4: =IF(ISERROR(DATE($L$1, $AA$2, 27)), "", IF(MONTH(DATE($L$1, $AA$2, 27))=$AA$2, LEFT(UPPER(TEXT(DATE($L$1, $AA$2, 27), "ddd")), 1), "")) | AD4: =IF(ISERROR(DATE($L$1, $AA$2, 28)), "", IF(MONTH(DATE($L$1, $AA$2, 28))=$AA$2, LEFT(UPPER(TEXT(DATE($L$1, $AA$2, 28), "ddd")), 1), "")) | AE4: =IF(ISERROR(DATE($L$1, $AA$2, 29)), "", IF(MONTH(DATE($L$1, $AA$2, 29))=$AA$2, LEFT(UPPER(TEXT(DATE($L$1, $AA$2, 29), "ddd")), 1), "")) | AF4: =IF(ISERROR(DATE($L$1, $AA$2, 30)), "", IF(MONTH(DATE($L$1, $AA$2, 30))=$AA$2, LEFT(UPPER(TEXT(DATE($L$1, $AA$2, 30), "ddd")), 1), "")) | AG4: =IF(ISERROR(DATE($L$1, $AA$2, 31)), "", IF(MONTH(DATE($L$1, $AA$2, 31))=$AA$2, LEFT(UPPER(TEXT(DATE($L$1, $AA$2, 31), "ddd")), 1), ""))
C5: =IF(ISERROR(DATE($L$1, $AA$2, 1)), "", IF(MONTH(DATE($L$1, $AA$2, 1))=$AA$2, 1, "")) | D5: =IF(ISERROR(DATE($L$1, $AA$2, 2)), "", IF(MONTH(DATE($L$1, $AA$2, 2))=$AA$2, 2, "")) | E5: =IF(ISERROR(DATE($L$1, $AA$2, 3)), "", IF(MONTH(DATE($L$1, $AA$2, 3))=$AA$2, 3, "")) | F5: =IF(ISERROR(DATE($L$1, $AA$2, 4)), "", IF(MONTH(DATE($L$1, $AA$2, 4))=$AA$2, 4, "")) | G5: =IF(ISERROR(DATE($L$1, $AA$2, 5)), "", IF(MONTH(DATE($L$1, $AA$2, 5))=$AA$2, 5, "")) | H5: =IF(ISERROR(DATE($L$1, $AA$2, 6)), "", IF(MONTH(DATE($L$1, $AA$2, 6))=$AA$2, 6, "")) | I5: =IF(ISERROR(DATE($L$1, $AA$2, 7)), "", IF(MONTH(DATE($L$1, $AA$2, 7))=$AA$2, 7, "")) | J5: =IF(ISERROR(DATE($L$1, $AA$2, 8)), "", IF(MONTH(DATE($L$1, $AA$2, 8))=$AA$2, 8, "")) | K5: =IF(ISERROR(DATE($L$1, $AA$2, 9)), "", IF(MONTH(DATE($L$1, $AA$2, 9))=$AA$2, 9, "")) | L5: =IF(ISERROR(DATE($L$1, $AA$2, 10)), "", IF(MONTH(DATE($L$1, $AA$2, 10))=$AA$2, 10, "")) | M5: =IF(ISERROR(DATE($L$1, $AA$2, 11)), "", IF(MONTH(DATE($L$1, $AA$2, 11))=$AA$2, 11, "")) | N5: =IF(ISERROR(DATE($L$1, $AA$2, 12)), "", IF(MONTH(DATE($L$1, $AA$2, 12))=$AA$2, 12, "")) | O5: =IF(ISERROR(DATE($L$1, $AA$2, 13)), "", IF(MONTH(DATE($L$1, $AA$2, 13))=$AA$2, 13, "")) | P5: =IF(ISERROR(DATE($L$1, $AA$2, 14)), "", IF(MONTH(DATE($L$1, $AA$2, 14))=$AA$2, 14, "")) | Q5: =IF(ISERROR(DATE($L$1, $AA$2, 15)), "", IF(MONTH(DATE($L$1, $AA$2, 15))=$AA$2, 15, "")) | R5: =IF(ISERROR(DATE($L$1, $AA$2, 16)), "", IF(MONTH(DATE($L$1, $AA$2, 16))=$AA$2, 16, "")) | S5: =IF(ISERROR(DATE($L$1, $AA$2, 17)), "", IF(MONTH(DATE($L$1, $AA$2, 17))=$AA$2, 17, "")) | T5: =IF(ISERROR(DATE($L$1, $AA$2, 18)), "", IF(MONTH(DATE($L$1, $AA$2, 18))=$AA$2, 18, "")) | U5: =IF(ISERROR(DATE($L$1, $AA$2, 19)), "", IF(MONTH(DATE($L$1, $AA$2, 19))=$AA$2, 19, "")) | V5: =IF(ISERROR(DATE($L$1, $AA$2, 20)), "", IF(MONTH(DATE($L$1, $AA$2, 20))=$AA$2, 20, "")) | W5: =IF(ISERROR(DATE($L$1, $AA$2, 21)), "", IF(MONTH(DATE($L$1, $AA$2, 21))=$AA$2, 21, "")) | X5: =IF(ISERROR(DATE($L$1, $AA$2, 22)), "", IF(MONTH(DATE($L$1, $AA$2, 22))=$AA$2, 22, "")) | Y5: =IF(ISERROR(DATE($L$1, $AA$2, 23)), "", IF(MONTH(DATE($L$1, $AA$2, 23))=$AA$2, 23, "")) | Z5: =IF(ISERROR(DATE($L$1, $AA$2, 24)), "", IF(MONTH(DATE($L$1, $AA$2, 24))=$AA$2, 24, "")) | AA5: =IF(ISERROR(DATE($L$1, $AA$2, 25)), "", IF(MONTH(DATE($L$1, $AA$2, 25))=$AA$2, 25, "")) | AB5: =IF(ISERROR(DATE($L$1, $AA$2, 26)), "", IF(MONTH(DATE($L$1, $AA$2, 26))=$AA$2, 26, "")) | AC5: =IF(ISERROR(DATE($L$1, $AA$2, 27)), "", IF(MONTH(DATE($L$1, $AA$2, 27))=$AA$2, 27, "")) | AD5: =IF(ISERROR(DATE($L$1, $AA$2, 28)), "", IF(MONTH(DATE($L$1, $AA$2, 28))=$AA$2, 28, "")) | AE5: =IF(ISERROR(DATE($L$1, $AA$2, 29)), "", IF(MONTH(DATE($L$1, $AA$2, 29))=$AA$2, 29, "")) | AF5: =IF(ISERROR(DATE($L$1, $AA$2, 30)), "", IF(MONTH(DATE($L$1, $AA$2, 30))=$AA$2, 30, "")) | AG5: =IF(ISERROR(DATE($L$1, $AA$2, 31)), "", IF(MONTH(DATE($L$1, $AA$2, 31))=$AA$2, 31, ""))
A6: FÍSICO
A7: TÉCNICO
A8: TÁTICO
A9: VÍDEO
A10: AMISTOSO
A11: COLETIVO
A12: PALESTRA
A13: ACADEMIA
A16: AVALIAÇÃO DO TREINO
A18: ATLETA | B18: POS
A19: =SORT(FILTER(DB_ATLETAS!B5:B100, ISNUMBER(SEARCH(DB_ATLETAS!D5:D100, $AA$1)), "Sem atletas nessa cat.")) | B19: =IF(A19="","",IFERROR(VLOOKUP(A19,DB_ATLETAS!B:F,5,0),""))
B20: =IF(A20="","",IFERROR(VLOOKUP(A20,DB_ATLETAS!B:F,5,0),""))
B21: =IF(A21="","",IFERROR(VLOOKUP(A21,DB_ATLETAS!B:F,5,0),""))
B22: =IF(A22="","",IFERROR(VLOOKUP(A22,DB_ATLETAS!B:F,5,0),""))
B23: =IF(A23="","",IFERROR(VLOOKUP(A23,DB_ATLETAS!B:F,5,0),""))
B24: =IF(A24="","",IFERROR(VLOOKUP(A24,DB_ATLETAS!B:F,5,0),""))
B25: =IF(A25="","",IFERROR(VLOOKUP(A25,DB_ATLETAS!B:F,5,0),""))
B26: =IF(A26="","",IFERROR(VLOOKUP(A26,DB_ATLETAS!B:F,5,0),""))
B27: =IF(A27="","",IFERROR(VLOOKUP(A27,DB_ATLETAS!B:F,5,0),""))
B28: =IF(A28="","",IFERROR(VLOOKUP(A28,DB_ATLETAS!B:F,5,0),""))
B29: =IF(A29="","",IFERROR(VLOOKUP(A29,DB_ATLETAS!B:F,5,0),""))
B30: =IF(A30="","",IFERROR(VLOOKUP(A30,DB_ATLETAS!B:F,5,0),""))
B31: =IF(A31="","",IFERROR(VLOOKUP(A31,DB_ATLETAS!B:F,5,0),""))
... B58: =IF(A58="","",IFERROR(VLOOKUP(A58,DB_ATLETAS!B:F,5,0),""))
